__OBJECTID,Park,UNIT_CODE,LATITUDE,LONGITUDE,REGION,State,Total,Over_500,Outside_Park,Fatality,Ill_or_Injured,Not_Ill_or_Injured,Unfounded,Save,Lake,Land,Ocean,River,00_12_Years_Old,13_19_Years_Old,20_29_Years_Old,30_39_Years_Old,40_49_Years_Old,50_59_Years_Old,Over_60_Years_Old,Unknown_AGE,AGE_Animal,Male,Female,Unknown_SEX,NPS_Programmed_Hours,NPS_Non_Programmed_Hours,Non_NPS_Hours,NPS_Programmed_Dollars,NPS_Non_Programmed_Dollars,Non_NPS_Dollars,NPS_Air_Operations_Costs,Military_Air_Operations_Costs,Other_Air_Operations_Costs,NPS_Vessel_Costs,Military_Vessel_Costs,Other_Vessel_Costs,Supplies_Other_Costs,Year,x,y,Recreational Visits,Non-Recreational Visits,Recreational Hours,Non-Recreational Hours,Concessioner Lodging,Concessioner Camping,Tent Overnights,RV Overnights,Backcountry Overnights,Non-recreational Overnights,Misc. Overnights
1,Olympic NP,OLYM,47.7946,-123.6183,PWR,WA,64,18,3,5,42,61,1,21,3,43,14,3,2,9,20,17,5,9,13,10,0,55,29,4,1224,1154,515,32793.2,44289.48,800,14385.57,365367.04,13762,0,0,0,4169.13,2018,-123.618345286498,47.7945655042479,3104455,728811,17574425,298579,71958,11222,162192,77436,128134,0,218
2,Acadia NP,ACAD,44.3507,-68.2441,NER,ME,37,5,0,0,32,13,0,0,2,31,4,0,3,5,7,2,6,13,5,0,0,15,26,0,427,228,0,10113.39,8460.35,0,0,0,0,50,0,0,167.11,2018,-68.2441099565202,44.3507318087357,3537575,47100,23613754,47100,0,1364,144744,58215,1472,0,11698
3,Agate Fossil Beds NM,AGFO,42.4215,-103.744,MWR,NE,0,0,0,0,0,0,0,0,0,0,0,0,0,0,0,0,0,0,0,0,,0,0,0,0,0,0,0,0,0,0,0,0,0,0,0,0,2018,-103.743998986185,42.4214718592082,16238,0,38884,0,0,0,0,0,0,0,0
4,All Fish and Wildlife,NCRO,38.876403,-77.033566,NCR, ,,,,,,,,,,,,,,,,,,,,,,,,,,,,,,,,,,,,,,2018,-77.0335659900284,38.8764029691558,0,0,0,0,0,0,0,0,0,0,0
5,Allegheny Portage Railroad NHS,ALPO,40.4468,-78.5319,NER,PA,0,0,0,0,0,0,0,0,0,0,0,0,0,0,0,0,0,0,0,0,0,0,0,0,0,0,0,0,0,0,0,0,0,0,0,0,0,2018,-78.5318609320142,40.4467713766072,189047,180,289774,48,0,0,0,0,0,0,0
6,Amistad NRA,AMIS,29.5748,-101.2959,IMR,TX,3,0,0,0,0,3,0,0,3,0,0,0,1,1,3,1,1,0,0,0,,6,1,0,27,6,0,268,135.38,0,0,0,0,0,0,0,0,2018,-101.295934608078,29.5747905927302,1111770,1128,8127236,1128,0,0,0,6629,0,0,870
7,Andrew Johnson NHS,ANJO,36.1554,-82.8381,SER,TN,0,0,0,0,0,0,0,0,0,0,0,0,0,0,0,0,0,0,0,0,0,0,0,0,0,0,0,0,0,0,0,0,0,0,0,0,0,2018,-82.8381405114836,36.1553630492266,50671,0,26996,0,0,0,0,0,0,0,0
8,Antietam NB,ANTI,39.4701,-77.7381,NCR,MD,4,0,0,0,0,4,0,0,0,4,0,0,1,1,0,0,0,0,0,2,,1,3,0,0,4,0,0,400,0,0,0,0,25,0,0,0,2018,-77.7380517852935,39.4701067162908,326197,0,740791,0,0,0,0,0,0,0,403
9,Apostle Islands NL,APIS,46.9367,-90.5796,MWR,WI,4,1,4,4,2,10,1,0,8,0,0,0,3,0,1,3,0,1,1,8,,9,3,10,22,72,0,747,3009,0,0,0,0,3300,0,0,0,2018,-90.5795566270168,46.9367161632255,252920,780,826760,195,0,0,0,0,10972,0,6040
10,Appalachian National Scenic Trail,APPA,37.3518,-80.3811,NER,ME,0,0,0,7,0,0,0,0,0,0,0,1,0,1,0,0,0,0,0,0,,0,0,0,0,0,0,0,0,0,0,0,0,0,0,0,0,2018,-80.3810768108605,37.3517545549982,0,0,0,0,0,0,0,0,0,0,0
11,Arches NP,ARCH,38.7225,-109.5863,IMR,UT,94,19,1,2,56,108,4,1,0,95,0,0,1,7,23,9,7,10,29,84,,53,46,70,752,694,0,18097,26041,0,0,0,0,0,0,0,3244,2018,-109.586349821294,38.7225386177757,1663557,0,5906859,0,0,0,17938,16157,368,0,3711
12,Badlands NP,BADL,43.834,-102.3939,MWR,SD,16,0,1,0,11,5,0,16,0,16,0,0,1,1,1,1,0,0,1,11,0,1,3,12,0,0,0,1340,800,0,0,0,0,0,0,0,0,2018,-102.393945110363,43.8340022357184,1008942,105109,4292825,52554,9375,13830,2920,778,2926,0,0
13,Big Bend NP,BIBE,29.2973,-103.2295,IMR,TX,38,10,1,3,24,31,1,2,0,35,0,4,2,3,10,3,3,5,13,20,0,31,18,10,701,462,6,17995.59,17243.54,60,1005,0,0,0,0,0,1514.25,2018,-103.229470222248,29.2972551416237,440091,2364,10353573,7092,48065,13060,55863,33209,23858,0,37299
14,Big Cypress NPRES,BICY,25.9704,-81.0812,SER,FL,9,1,3,2,1,12,1,13,0,9,0,0,2,0,2,0,0,0,1,11,0,7,1,8,37,3,46,996,126,1460,0,0,7000,0,0,0,0,2018,-81.0811527763958,25.9704328826112,794350,0,2445823,0,0,0,1686,5772,3196,0,0
15,Big South Fork NRRA,BISO,36.5347,-84.6651,SER,TN,26,9,0,1,8,61,0,2,0,24,0,2,3,7,24,10,9,3,3,12,0,34,28,9,222,245,101,6835,10270,0,0,0,0,0,0,0,2936,2018,-84.665121739575,36.5346656129163,760906,0,5421125,0,1813,0,6934,35785,9236,0,3439
16,Big Thicket NPRES,BITH,30.3409,-94.2316,IMR,TX,1,0,1,0,0,6,0,6,0,1,0,1,0,0,1,0,1,0,0,0,0,4,2,0,4,4,16,140,160,350,0,0,0,25,0,0,100,2018,-94.2316201345204,30.3408750720204,221514,0,801529,0,0,0,0,0,1765,0,0
17,Biscayne NP,BISC,25.4905,-80.2102,SER,FL,5,1,0,0,0,9,0,9,0,0,5,0,0,1,3,1,0,1,2,0,,7,1,0,7,17,0,355.59,768.51,0,0,7671,0,862.5,0,0,3350,2018,-80.2102469780569,25.4904947264702,469253,0,1573531,0,0,0,2119,0,0,0,4788
18,Black Canyon of the Gunnison NP,BLCA,38.5791,-107.7257,IMR,CO,7,3,0,0,7,4,0,7,0,7,0,0,0,2,6,0,2,0,0,1,,7,4,0,48,65,0,3358.35,0,0,0,0,0,0,0,0,3464.34,2018,-107.725723092551,38.5790608233592,308962,0,1847721,0,0,0,19527,12531,2088,0,0
19,Blue Ridge PKWY,BLRI,36.4365,-81.0706,SER,NC,27,3,0,3,12,15,1,5,0,24,0,3,4,2,5,2,5,4,3,4,,9,21,1,101,69,266,835,2956.53,0,0,0,0,0,0,400,0,2018,-81.070564693468,36.4364986079318,14690418,1942260,91495598,971136,47836,0,55864,33736,982,0,1294
20,Buffalo NR,BUFF,35.9686,-92.9181,MWR,AR,28,5,2,1,21,55,0,22,0,17,0,11,0,4,13,11,3,9,1,0,0,16,12,0,97,249,368,2976,9825,1958,0,0,0,0,0,0,1088,2018,-92.9181061311952,35.9686439846397,1240119,0,6363931,0,2804,0,41542,13695,22062,0,10973
21,Canaveral NS,CANA,28.7862,-80.7541,SER,FL,6,2,0,1,0,4,1,4,0,0,2,4,2,0,1,2,3,0,0,4,,8,3,0,18,5,0,0,0,0,0,0,0,0,0,0,0,2018,-80.7541233430003,28.7862473434069,1657855,0,4206368,0,0,0,0,0,2965,0,0
22,Cane River Creole NHP,CARI,31.6644,-93.0073,SER,LA,0,0,0,0,0,0,0,0,0,0,0,0,0,0,0,0,0,0,0,0,0,0,0,0,0,0,0,0,0,0,0,0,0,0,0,0,0,2018,-93.0072987777771,31.6644416468347,26879,0,53758,0,0,0,0,0,0,0,0
23,Canyon de Chelly NM,CACH,36.094,-109.3401,IMR,AZ,0,0,0,0,0,0,0,0,0,0,0,0,0,0,0,0,0,0,0,0,0,0,0,0,0,0,0,0,0,0,0,0,0,0,0,0,0,2018,-109.340067343674,36.0940475624294,439306,634575,2970397,1269151,15665,12190,0,0,25,0,0
24,Canyonlands NP,CANY,38.2431,-109.877,IMR,UT,30,10,3,0,16,22,1,1,0,27,0,3,0,4,10,3,5,2,9,0,,25,8,0,224,220,5,5500,8281,0,0,0,0,0,0,0,692,2018,-109.876962181892,38.2431403604609,739449,0,5301793,0,0,0,13221,10517,78375,0,416
25,Cape Cod NS,CACO,41.9605,-70.0052,NER,MA,34,0,0,1,0,0,1,3,0,29,5,0,0,0,0,0,0,0,0,33,,0,0,33,40,0,8,2000,0,0,0,0,0,0,0,0,0,2018,-70.0051942787982,41.9604632548738,3926462,29548,7666603,177288,3559,0,0,0,0,0,6879
26,Cape Hatteras NS,CAHA,35.2424,-75.5312,SER,NC,2,0,18,0,3,0,0,1,0,2,16,0,6,1,0,0,3,1,0,16,,4,4,22,8,0,0,0,0,0,0,0,0,0,0,0,0,2018,-75.5311935051364,35.242412012086,2591056,135347,11343751,412879,0,0,40813,38083,0,456,4782
27,Cape Lookout NS,CALO,34.9582,-76.19,SER,NC,3,0,0,1,2,2,0,2,0,1,2,0,0,0,2,2,0,1,0,0,0,4,1,0,6,8,17,64,320,137.5,0,0,0,80,0,73,0,2018,-76.1900392245819,34.9582442407931,408399,4800,1778864,14400,5332,0,0,0,262,0,0
28,Capitol Reef NP,CARE,38.3836,-111.283,IMR,UT,4,1,0,0,3,1,0,0,0,4,0,0,0,0,2,1,0,1,0,0,,4,0,0,0,0,0,250,600,0,0,0,0,0,0,0,350,2018,-111.283003557797,38.3835528318095,1227627,55435,1919904,55435,0,0,24822,27143,4048,0,2445
29,Carlsbad Caverns NP,CAVE,32.1409,-104.5531,IMR,NM,44,0,0,0,47,0,0,0,0,47,0,0,1,1,1,2,2,3,28,26,0,16,13,22,140,20,0,4900,700,0,0,0,0,0,0,0,23500,2018,-104.553136266262,32.1409252122301,465912,0,1796367,0,0,0,0,0,184,0,0
30,Chaco Culture NHP,CHCU,36.0449,-107.9482,IMR,NM,0,0,0,0,0,0,0,0,0,0,0,0,0,0,0,0,0,0,0,0,0,0,0,0,0,0,0,0,0,0,0,0,0,0,0,0,0,2018,-107.948152784095,36.0449219143888,57781,10560,681060,10560,0,0,7805,7896,0,0,2036
31,Chamizal NMEM,CHAM,31.7673,-106.4544,IMR,TX,0,0,0,0,0,0,0,0,0,0,0,0,0,0,0,0,0,0,0,0,0,0,0,0,0,0,0,0,0,0,0,0,0,0,0,0,0,2018,-106.454401071659,31.7672962833793,66479,48995,87815,171482,0,0,0,0,0,0,0
32,Channel Islands NP,CHIS,34.0166,-119.7397,PWR,CA,15,0,0,0,9,0,1,5,0,8,7,0,0,1,1,2,1,1,3,6,,10,2,3,36,31,83,1700,1690,3470,0,0,124608,10000,0,49896,0,2018,-119.739650756698,34.0165512410431,366250,5863,3725066,140712,0,0,0,0,21463,9166,18543
33,Chattahoochee River NRA,CHAT,33.9724,-84.2668,SER,GA,8,0,0,2,2,4,0,4,0,1,0,7,0,0,7,0,0,0,1,0,,6,2,0,40,5,40,2000,500,1000,0,0,0,2000,0,2000,250,2018,-84.2667647251474,33.9724105618406,2873866,0,11495461,0,0,0,0,0,0,0,0
34,Chesapeake & Ohio Canal NHP,CHOH,39.5997,-77.9448,NCR,DC,2,0,0,0,1,0,1,0,0,2,0,0,0,0,0,0,0,0,0,4,0,0,0,4,0,2,0,0,120,0,0,0,0,0,0,0,0,2018,-77.9448418975726,39.5996516109884,4438818,11880,9366756,11880,0,0,22407,545,0,0,2986
35,Chickamauga & Chattanooga NMP,CHCH,34.919,-85.254,SER,GA,1,0,0,0,0,1,0,0,0,1,0,0,0,0,1,0,0,0,0,0,0,0,1,0,3,0,0,0,0,0,0,0,0,0,0,0,0,2018,-85.2540118749219,34.9189690006206,945962,2101523,1851195,315227,0,0,0,0,0,0,1932
36,Chickasaw NRA,CHIC,34.4605,-97.0072,IMR,OK,2,1,0,1,1,4,0,0,2,1,0,0,2,1,1,1,0,0,0,0,0,4,1,0,40,0,0,0,0,0,0,0,0,0,0,0,0,2018,-97.0071580730992,34.4604937769309,1477906,1640554,6816236,131244,0,0,73441,52746,0,0,28000
37,Chiricahua NM,CHIR,32.0121,-109.3416,IMR,AZ,6,0,0,0,3,3,0,0,0,6,0,0,0,0,0,0,0,0,0,6,,0,0,6,40,2,0,1500,0,0,0,0,0,0,0,0,1500,2018,-109.341606517082,32.0121410183528,60577,3600,327442,1200,0,0,5793,6604,0,0,1546
38,Colonial NHP,COLO,37.2825,-76.6345,NER,VA,2,0,1,1,0,0,1,0,0,0,0,2,1,0,1,0,0,0,0,1,0,3,0,0,11,13,180,324.25,445,4500,0,2000,0,0,0,800,0,2018,-76.6345473663941,37.2824610656309,3294224,2108599,3439928,1054301,0,0,0,0,0,0,0
39,Congaree NP,CONG,33.7919,-80.7487,SER,SC,2,0,0,0,0,4,0,0,0,2,0,0,0,0,0,0,0,0,0,4,0,2,2,0,6,8,70,120,240,1050,0,0,0,0,0,0,0,2018,-80.7486654488286,33.7918678160233,145929,0,622647,0,0,0,0,0,1023,0,8220
40,Cowpens NB,COWP,35.1316,-81.8094,SER,SC,0,0,0,0,0,0,0,0,0,0,0,0,0,0,0,0,0,0,0,0,,0,0,0,0,0,0,0,0,0,0,0,0,0,0,0,0,2018,-81.8093540053301,35.1316059456096,189410,0,186319,0,0,0,0,0,0,0,226
41,Crater Lake NP,CRLA,42.9411,-122.1327,PWR,OR,9,4,0,0,5,4,0,5,1,8,0,0,0,2,1,3,2,0,1,0,0,6,3,0,165,100,0,4249.64,3447.96,0,0,0,0,0,0,0,2739.98,2018,-122.132747222569,42.9410657437491,720659,49600,4103920,24800,34647,42039,6739,0,2584,0,0
42,Cumberland Island NS,CUIS,30.8585,-81.4525,SER,GA,0,0,0,0,0,0,0,0,0,0,0,0,0,0,0,0,0,0,0,0,0,0,0,0,0,0,0,0,0,0,0,0,0,0,0,0,0,2018,-81.4525338319988,30.8585266259701,55650,0,951180,0,0,0,22644,0,4550,0,0
43,Curecanti NRA,CURE,38.4629,-107.1673,IMR,CO,4,0,2,0,0,0,0,0,0,0,0,0,2,0,0,2,1,2,2,0,,5,2,2,9,0,0,500,0,0,0,0,0,100,0,0,0,2018,-107.167339115432,38.4628502070175,931512,0,4335148,0,0,0,20752,46040,614,0,4277
44,De Soto NMEM,DESO,27.5227,-82.6434,SER,FL,0,0,0,0,0,0,0,0,0,0,0,0,0,0,0,0,0,0,0,0,0,0,0,0,0,0,0,0,0,0,0,0,0,0,0,0,0,2018,-82.6433541371885,27.5227261475186,210993,0,348139,0,0,0,0,0,0,0,0
45,Death Valley NP,DEVA,36.4839,-117.1326,PWR,CA,27,2,1,2,8,28,5,17,0,27,0,0,1,4,9,5,2,4,1,5,,25,5,5,164,175,55,3783.2,6160.03,1914.47,0,0,0,0,0,0,250,2018,-117.132627782267,36.4839306494879,1678660,66206,11753292,99305,33211,2548,78970,97563,1485,0,459
46,Delaware Water Gap NRA,DEWA,41.1003,-74.9573,NER,PA,41,4,5,5,21,18,0,0,0,27,0,17,1,2,8,5,4,9,9,10,,26,14,7,298,309,204,9212.73,15236.82,83.43,0,0,0,0,0,0,21.16,2018,-74.9572891551907,41.1002803251654,3261921,54000,13988573,27000,0,8701,0,0,14690,0,23654
47,Devils Tower NM,DETO,44.5906,-104.7156,IMR,WY,11,0,0,0,11,0,0,0,0,0,0,0,0,0,0,0,0,0,0,0,,0,0,0,0,0,0,0,0,0,0,0,0,0,0,0,0,2018,-104.715634224805,44.5906456369355,468216,3139,1401056,1571,0,0,7674,9660,0,0,0
48,Dinosaur NM,DINO,40.506,-108.9377,IMR,CO,5,0,1,0,2,2,1,3,0,5,0,0,0,0,1,3,1,0,0,0,0,2,3,0,37,22,24,843.88,723.79,0,0,0,0,0,0,0,0,2018,-108.937702765101,40.5059664364939,304468,732,1745599,732,0,0,17441,15135,30761,0,5441
49,Thomas Edison NHP,EDIS,40.786,-74.2398,NER,NJ,0,0,0,0,0,0,0,0,0,0,0,0,0,0,0,0,0,0,0,0,0,0,0,0,0,0,0,0,0,0,0,0,0,0,0,0,0,2018,-74.2398209972711,40.7859707438123,47297,0,65648,0,0,0,0,0,0,0,0
50,Effigy Mounds NM,EFMO,43.0915,-91.2078,MWR,IA,0,0,0,0,0,0,0,0,0,0,0,0,0,0,0,0,0,0,0,0,0,0,0,0,0,0,0,0,0,0,0,0,0,0,0,0,0,2018,-91.2077710529152,43.0914576453415,55576,1200,138939,204,0,0,0,0,0,0,0
51,El Morro NM,ELMO,35.039,-108.3464,IMR,NM,0,0,0,0,0,0,0,0,0,0,0,0,0,0,0,0,0,0,0,0,0,0,0,0,0,0,0,0,0,0,0,0,0,0,0,0,199.5,2018,-108.346398407428,35.0389588696684,65453,13619,213063,4495,0,0,2538,1786,0,0,0
52,Everglades NP,EVER,25.3722,-80.8818,SER,FL,12,5,4,0,9,2,1,14,0,3,9,0,0,6,8,2,0,5,4,1,,18,7,1,38,24,6,1377.52,1254.37,40,0,23221.5,7756.5,2300,0,0,0,2018,-80.881823981035,25.372167592946,597124,6000,2555012,27000,0,8440,0,0,4391,0,18
53,Fire Island NS,FIIS,40.6918,-72.9944,NER,NY,0,0,0,0,0,0,0,0,0,0,0,0,0,0,0,0,0,0,0,0,0,0,0,0,0,0,0,0,0,0,0,0,0,0,0,0,0,2018,-72.9943522207613,40.6918296298484,305710,220362,1063841,661086,0,405,0,0,3045,0,15686
54,Fort Donelson NB,FODO,36.4873,-87.8609,SER,TN,0,0,0,0,0,0,0,0,0,0,0,0,0,0,0,0,0,0,0,0,0,0,0,0,0,0,0,0,0,0,0,0,0,0,0,0,0,2018,-87.8608830340696,36.4872822557863,168986,497440,112714,16416,0,0,0,0,0,0,7
55,Fort Frederica NM,FOFR,31.2236,-81.3898,SER,GA,0,0,0,0,0,0,0,0,0,0,0,0,0,0,0,0,0,0,0,0,,0,0,0,0,0,0,0,0,0,0,0,0,0,0,0,0,2018,-81.3898425642768,31.2235551116873,183591,1800,185290,444,0,0,0,0,0,0,0
56,Fort Larned NHS,FOLS,38.18449077,-99.21697509,MWR,KS,0,0,0,0,0,0,0,0,0,0,0,0,0,0,0,0,0,0,0,0,0,0,0,0,0,0,0,0,0,0,0,0,0,0,0,0,0,2018,-99.2169751343075,38.1844907406488,29173,0,58346,0,0,0,0,0,0,0,0
57,Fort McHenry NM & HS,FOMC,39.264,-76.5804,NER,MD,0,0,0,0,0,0,0,0,0,0,0,0,0,0,0,0,0,0,0,0,0,0,0,0,0,0,0,0,0,0,0,0,0,0,0,0,0,2018,-76.5804416571685,39.2639531425016,486113,720,729168,360,0,0,0,0,0,0,0
59,Fort Necessity NB,FONE,39.81,-79.5887,NER,PA,0,0,0,0,0,0,0,0,0,0,0,0,0,0,0,0,0,0,0,0,0,0,0,0,0,0,0,0,0,0,0,0,0,0,0,0,0,2018,-79.5886906853813,39.8100374744379,280970,120,400839,48,0,0,0,0,0,0,503
60,Fort Raleigh NHS,FORA,35.9364,-75.7094,SER,NC,0,0,0,0,0,0,0,0,0,0,0,0,0,0,0,0,0,0,0,0,,0,0,0,0,0,0,0,0,0,0,0,0,0,0,0,0,2018,-75.7093876368077,35.9363682494461,261198,1344,377784,1344,0,0,0,0,0,0,0
61,Fort Scott NHS,FOSC,37.8436,-94.7043,MWR,KS,0,0,0,0,0,0,0,0,0,0,0,0,0,0,0,0,0,0,0,0,0,0,0,0,0,0,0,0,0,0,0,0,0,0,0,0,0,2018,-94.7042917181312,37.843588456943,26482,221,39722,73,0,0,0,0,0,0,0
62,Fort Sumter and Fort Moultrie NHP,FOSU,32.7536,-79.8793,SER,SC,0,0,0,0,0,0,0,0,0,0,0,0,0,0,0,0,0,0,0,0,0,0,0,0,0,0,0,0,0,0,0,0,0,0,0,0,0,2018,-79.8793336785305,32.753594268202,859880,0,2073539,0,0,0,0,0,0,0,2
63,Fort Union NM,FOUN,35.9074,-105.012,IMR,NM,0,0,0,0,0,0,0,0,0,0,0,0,0,0,0,0,0,0,0,0,0,0,0,0,0,0,0,0,0,0,0,0,0,0,0,0,0,2018,-105.012017362788,35.9073707198111,10860,240,12816,24,0,0,0,0,0,0,0
64,Fredericksburg & Spotsylvania NMP,FRSP,38.3036,-77.7388,NER,VA,1,0,0,0,0,1,0,0,0,1,0,0,0,0,0,0,0,0,1,0,0,0,1,0,0,0,0,0,0,0,0,0,0,0,0,0,0,2018,-77.7387668442596,38.3036387367006,926464,1419555,418115,176716,0,0,0,0,0,0,0
65,Friendship Hill NHS,FRHI,39.77545488,-79.92528004,NER,PA,0,0,0,0,0,0,0,0,,,,,0,0,0,0,0,0,0,0,0,,,,0,0,0,0,0,0,,,,,,,,2018,-79.9252800798619,39.7754549074248,41678,0,95679,0,0,0,0,0,0,0,0
66,Gateway NRA,GATE,40.6185,-73.861,NER,NY,2,0,0,2,0,0,0,0,0,0,1,1,0,0,0,0,0,1,1,0,,2,0,0,50,0,0,2500,0,0,0,0,0,0,0,0,0,2018,-73.8610447407546,40.6185496841615,9243305,1241829,25588209,2483658,0,0,14584,2488,0,0,2052
67,George Washington Birthplace NM,GEWA,38.1897,-76.9198,NER,VA,0,0,0,0,0,0,0,0,0,0,0,0,0,0,0,0,0,0,0,0,,0,0,0,0,0,0,0,0,0,0,0,0,0,0,0,0,2018,-76.9198093611599,38.1897348094201,111058,7200,343841,7200,0,0,0,0,0,0,0
68,Gettysburg NMP,GETT,39.8043,-77.2385,NER,PA,5,0,0,0,1,4,1,1,0,5,0,0,0,2,1,2,0,0,0,0,,5,0,0,0,15,0,0,406,0,0,0,0,0,0,0,0,2018,-77.238469819874,39.8042848929,949989,74400,4174986,12348,0,0,0,0,0,0,7745
69,Glacier Bay NP & PRES,GLBA,58.7914,-136.8109,AKR,AK,13,1,0,4,4,16,17,0,1,3,8,1,1,1,1,4,1,7,10,16,0,22,5,14,66,118,9,1469.62,5470.94,3295.02,0,0,65497.3,765.25,0,0,200,2018,-136.810929707561,58.7914394795694,597915,644,7703301,95060,12475,0,783,0,5840,3845,17668
70,Glacier NP,GLAC,48.7468,-113.8584,IMR,MT,76,10,0,1,70,14,4,0,3,72,0,1,2,4,8,4,5,7,20,37,,35,22,30,132,277,0,2965,12000,0,0,0,0,0,0,0,1650,2018,-113.858410056308,48.7468002469488,2965309,13532,32211332,118373,107156,0,110507,109566,32349,0,1178
71,Glen Canyon NRA,GLCA,37.3977,-110.8021,IMR,UT,91,13,1,4,4,23,0,3,12,9,0,0,3,4,8,11,2,4,5,0,,23,10,0,778,495,298,19002.55,14568.44,0,2192.5,0,0,2375.54,0,0,0,2018,-110.802127570865,37.3976681718314,4219441,32447,45072951,389354,71334,91046,11451,4969,11023,0,734127
72,Golden Gate NRA,GOGA,37.8589,-122.5511,PWR,CA,37,0,0,10,2,31,0,31,0,9,22,0,1,7,6,3,2,1,2,6,6,15,5,3,46,0,112,1518,0,4480,0,0,0,0,0,0,0,2018,-122.551128044006,37.8588767641668,15223697,0,40177286,0,42009,0,3963,0,258,0,7200
73,Grand Canyon NP,GRCA,36.1865,-112.1853,IMR,AZ,265,192,6,9,239,90,4,11,0,245,0,10,2,22,35,28,34,54,84,6,0,172,88,3,3129,2291,17,78108,74588,254,288960,0,0,500,0,0,2900,2018,-112.18525400185,36.1865451527708,6380495,23748,100506766,23748,663982,38829,139004,68000,337790,0,27947
74,Grand Teton NP,GRTE,43.8182,-110.7055,IMR,WY,60,37,6,7,35,45,14,2,2,59,0,3,3,11,25,16,8,9,24,0,,64,32,0,628,1465,233,15995.44,61354.88,5569.07,23658.61,0,8875.25,0,0,0,8467.95,2018,-110.705487710914,43.8181601184302,3491151,1617873,19176275,1617873,86797,320111,0,0,38803,0,586
75,Great Sand Dunes NP & PRES,GRSA,37.7766,-105.6289,IMR,CO,6,1,0,0,5,0,1,0,0,6,0,0,0,0,3,1,2,0,0,0,,6,0,0,30,15,0,5000,650,0,0,0,0,0,0,0,500,2018,-105.628888222605,37.7765525908153,442905,470,2486557,470,0,0,29832,19665,4475,0,7644
76,Great Smoky Mountains NP,GRSM,35.6093,-83.5263,SER,NC,98,42,9,3,83,39,0,2,0,93,0,5,3,10,19,16,15,20,24,0,0,54,61,0,7577,5027,2914,278697.88,195067.52,60656.85,0,90000,0,200,0,0,71388.38,2018,-83.5262753516102,35.6092747083187,11421200,10544377,83657339,5272190,11163,0,152167,113649,97593,0,20105
77,Guadalupe Mountains NP,GUMO,31.9233,-104.8844,IMR,TX,13,1,0,0,7,14,2,8,0,13,0,0,1,0,2,1,2,2,2,0,,5,6,0,74,112,14,1727.22,1468.97,0,0,0,0,0,0,0,100,2018,-104.884356070963,31.9233495146997,172347,0,507354,0,0,0,10693,6437,3509,0,1390
78,Guilford Courthouse NMP,GUCO,36.133,-79.8419,SER,NC,0,0,0,0,0,0,0,0,0,0,0,0,0,0,0,0,0,0,0,0,0,0,0,0,0,0,0,0,0,0,0,0,0,0,0,0,0,2018,-79.8418680921333,36.1330178269511,236016,4290278,147679,35610,0,0,0,0,0,0,11
79,Gulf Islands NS,GUIS,30.3731,-86.91,SER,FL,29,0,0,1,1,7,0,24,0,3,26,0,5,1,4,0,3,0,2,2,0,3,7,2,2,2,8,250,50,80,0,0,0,100,0,800,0,2018,-86.9099650120264,30.3730633464649,4229968,107041,13060901,20621,0,0,36813,119487,0,0,4772
80,Harpers Ferry NHP,HAFE,39.3129,-77.742,NCR,WV,5,5,3,0,3,4,1,0,0,5,0,3,0,1,0,0,0,1,0,2,,1,3,1,10,1,0,500,35,0,0,0,0,0,0,0,0,2018,-77.7419553245291,39.3128615293893,265737,0,1062940,0,0,0,0,0,0,0,0
81,Hawaii Volcanoes NP,HAVO,19.3776,-155.6029,PWR,HI,10,0,0,0,1,9,0,0,0,10,0,0,0,1,4,1,3,0,1,2,,6,6,0,31,8,0,703,556,0,0,0,0,0,0,0,2000,2018,-155.602855138524,19.3775774874009,1116891,1847328,6650420,609620,14382,2113,492,6,2145,0,40594
82,Herbert Hoover NHS,HEHO,41.6673,-91.3515,MWR,IA,0,0,0,0,0,0,0,0,0,0,0,0,0,0,0,0,0,0,0,0,,0,0,0,0,0,0,0,0,0,0,0,0,0,0,0,0,2018,-91.3514995220807,41.667292953255,138087,18000,138087,1200,0,0,0,0,0,0,0
83,Hopewell Furnace NHS,HOFU,40.2061,-75.7681,NER,PA,0,0,0,0,0,0,0,0,0,0,0,0,0,0,0,0,0,0,0,0,,0,0,0,0,0,0,0,0,0,0,0,0,0,0,0,0,2018,-75.7681162561484,40.2060723146315,46407,600,55689,300,0,0,0,0,0,0,0
84,Horseshoe Bend NMP,HOBE,32.9767,-85.7341,SER,AL,0,0,0,0,0,0,0,0,0,0,0,0,0,0,0,0,0,0,0,0,0,0,0,0,0,0,0,0,0,0,0,0,0,0,0,0,0,2018,-85.7341361516243,32.9766876689311,48491,1080115,113067,360003,0,0,0,0,0,0,0
85,Hot Springs NP,HOSP,34.5111,-93.0897,MWR,AR,5,0,0,0,0,5,0,5,0,5,0,0,0,0,0,0,0,0,0,5,0,0,0,5,20,0,0,350,0,0,0,0,0,0,0,0,0,2018,-93.0897218102094,34.5111199751472,1506887,2306072,1341461,461216,0,0,1233,22712,0,0,0
86,Independence NHP,INDE,39.9454,-75.1469,NER,PA,0,0,0,0,0,0,0,0,0,0,0,0,0,0,0,0,0,0,0,0,0,0,0,0,0,0,0,0,0,0,0,0,0,0,0,0,0,2018,-75.1469252184674,39.9453737217447,4576456,0,6903071,0,0,0,0,0,0,0,0
87,Indiana Dunes NP,INDU,41.6614,-87.0325,MWR,IN,10,0,0,1,3,6,0,5,7,3,0,0,4,3,2,0,1,0,0,0,0,3,7,0,13,0,0,260,0,0,0,0,0,0,0,0,0,2018,-87.0325333053483,41.6614152277643,1756079,5701,4700315,2851,0,0,13308,4598,0,0,0
88,Isle Royale NP,ISRO,48.011,-88.8284,MWR,MI,15,3,3,0,9,34,0,0,12,3,0,0,0,5,3,3,3,4,2,2,0,13,10,1,190,221,9,7466,6705,85,0,0,0,8275,0,0,73,2018,-88.8284224939834,48.0109548792839,25798,158,1254990,28492,9562,218,5173,0,24758,1180,11173
89,Jean Lafitte NHP & PRES,JELA,29.8192,-90.1472,SER,LA,0,0,0,0,0,0,0,0,0,0,0,0,0,0,0,0,0,0,0,0,,0,0,0,0,0,0,0,0,0,0,0,0,0,0,0,0,2018,-90.1472102368471,29.8191612236715,529878,192000,1188851,91320,0,0,0,0,0,0,0
90,Jefferson National Expansion Memorial,JEFF,38.6221,-90.1756,MWR,MO,0,0,0,0,0,0,0,0,0,0,0,0,0,0,0,0,0,0,0,0,0,0,0,0,0,0,0,0,0,0,0,0,0,0,0,0,0,2018,-90.1756293391755,38.6221161105403,0,0,0,0,0,0,0,0,0,0,0
91,Jewel Cave NM,JECA,43.731,-103.83,MWR,SD,211,0,0,0,47,164,0,211,0,211,0,0,36,29,23,31,30,25,35,0,1,99,110,0,0,0,0,0,0,0,0,0,0,0,0,0,0,2018,-103.829993989682,43.7310285885063,142356,223,389928,223,0,0,0,0,0,0,0
92,Jimmy Carter NHS,JICA,32.0263,-84.4324,SER,GA,0,0,0,0,0,0,0,0,0,0,0,0,0,0,0,0,0,0,0,0,0,0,0,0,0,0,0,0,0,0,0,0,0,0,0,0,0,2018,-84.4324080448267,32.0263179267946,51680,0,62754,0,0,0,0,0,0,0,0
93,Johnstown Flood NMEM,JOFL,40.3449,-78.7767,NER,PA,0,0,0,0,0,0,0,0,0,0,0,0,0,0,0,0,0,0,0,0,0,0,0,0,0,0,0,0,0,0,0,0,0,0,0,0,0,2018,-78.7767348512691,40.344921773075,146269,156797,151139,4704,0,0,0,0,0,0,0
94,Joshua Tree NP,JOTR,33.8271,-115.8601,PWR,CA,39,8,23,0,20,31,3,47,0,39,0,0,0,6,10,15,4,4,7,0,,24,17,2,698,892,1640,19995,34139,3803,0,0,0,0,0,0,0,2018,-115.860110822384,33.8270523816603,2942382,10516,17655261,10516,0,0,222228,73485,19437,0,77206
95,Kenai Fjords NP,KEFJ,59.9532,-149.8815,AKR,AK,5,1,1,0,4,0,1,0,0,5,0,0,0,0,0,2,1,2,0,0,,3,2,0,55,25,0,1375,1250,0,0,0,0,0,0,0,500,2018,-149.881524530008,59.9532368022794,321596,0,1104023,0,0,0,1080,0,676,0,0
96,Kennesaw Mountain NBP,KEMO,33.9781,-84.5789,SER,GA,4,1,1,1,2,1,0,0,0,4,0,0,0,0,2,1,0,1,0,0,,4,0,0,72,25,0,1500,1000,0,0,0,1000,0,0,0,0,2018,-84.5789165303019,33.9780585809418,2549164,25283363,3917107,4045337,0,0,0,0,0,0,0
97,Kings Mountain NMP,KIMO,35.139,-81.3898,SER,SC,1,0,0,0,0,1,0,1,0,1,0,0,0,0,0,1,0,0,0,0,,1,0,0,0,0,0,0,0,0,0,0,0,0,0,0,0,2018,-81.3897880365391,35.1390055130504,287635,277615,262461,46250,0,0,0,0,60,0,0
98,Klondike Gold Rush NHP Alaska,KLGO,59.6316,-135.2926,AKR,AK,2,0,0,0,0,2,0,0,0,2,0,0,0,2,1,0,0,0,0,2,0,3,0,2,4,6,0,120,300,0,0,0,0,0,0,0,3000,2018,-135.292636740214,59.6315870243361,1017298,0,4178362,0,0,0,1315,0,5508,0,0
99,Lake Clark NP & PRES,LACL,60.5471,-153.2487,AKR,AK,2,0,1,0,2,0,1,0,0,1,0,3,0,0,0,0,0,0,0,4,0,0,0,4,8,2,2,400,160,400,0,0,400,0,0,0,0,2018,-153.248679709473,60.5471489206761,14479,0,187314,0,0,0,0,0,7198,0,0
100,Lake Meredith NRA,LAMR,35.5959,-101.6971,IMR,TX,3,2,0,1,1,3,0,3,3,0,0,0,1,0,1,0,1,2,0,0,,4,1,0,48,25,0,1766.94,1006.8,0,0,0,0,450,0,0,157.06,2018,-101.697098408611,35.59585694253,1106233,0,3222228,0,0,0,8889,40525,0,0,0
101,Lake Roosevelt NRA,LARO,47.9116,-118.7152,PWR,WA,16,0,34,0,0,12,4,0,13,3,0,0,0,0,0,0,0,0,0,16,,0,0,16,0,0,0,0,0,0,0,0,0,0,0,0,0,2018,-118.715153616194,47.9116374841424,1276722,1200,3966621,600,1850,0,34711,42512,2824,0,11647
102,Lassen Volcanic NP,LAVO,40.4938,-121.4072,PWR,CA,12,3,2,0,7,5,2,0,0,12,0,0,2,0,1,3,1,0,2,3,,5,7,0,240,192,0,6720,5376,0,0,0,0,0,0,0,1500,2018,-121.407204827213,40.4937873626564,499435,0,5386551,0,3519,0,59733,28038,7320,0,15197
103,Lincoln Home NHS,LIHO,39.7972,-89.6451,MWR,IL,0,0,0,0,0,0,0,0,0,0,0,0,0,0,0,0,0,0,0,0,0,0,0,0,0,0,0,0,0,0,0,0,0,0,0,0,0,2018,-89.6451340092097,39.7971564344162,197717,4815,175171,43581,0,0,0,0,0,0,0
104,Lowell NHP,LOWE,42.6465,-71.3309,NER,MA,1,0,0,1,0,0,0,0,0,0,0,1,0,0,1,0,0,0,0,0,0,1,0,0,2,0,0,140,0,0,0,0,0,0,0,0,0,2018,-71.3309428871355,42.6464657316166,507276,2235,767709,3355,0,0,0,0,0,0,0
105,Lyndon B. Johnson NHP,LYJO,30.2504,-98.6217,IMR,TX,0,0,0,0,0,0,0,0,0,0,0,0,0,0,0,0,0,0,0,0,0,0,0,0,0,0,0,0,0,0,0,0,0,0,0,0,0,2018,-98.6217120808405,30.250358744149,121499,0,201509,0,0,0,0,0,0,0,0
106,Mammoth Cave NP,MACA,37.1976,-86.1309,SER,KY,14,1,0,0,6,29,0,2,0,7,0,7,3,2,5,6,2,2,4,6,0,12,12,6,78,22,12,1915.14,758.63,0,0,0,0,0,0,0,140.8,2018,-86.1308947936667,37.1975804967717,533206,142923,4107496,71462,13947,0,38784,13264,7861,0,445
107,Manassas NBP,MANA,38.8208,-77.53,NCR,VA,0,0,0,0,0,0,0,0,0,0,0,0,0,0,0,0,0,0,0,0,0,0,0,0,0,0,0,0,0,0,0,0,0,0,0,0,0,2018,-77.5300392455757,38.8207710281297,542004,480,406504,84,0,0,0,0,0,0,0
108,Missouri NRR,MNRR,42.7668,-97.0704,MWR,SD,1,0,0,1,0,0,0,0,0,0,0,1,0,0,0,0,0,0,1,0,0,0,1,0,1,0,0,50,0,0,0,0,0,0,0,0,0,2018,-97.0703569787883,42.7667576493059,128657,0,128657,0,0,0,0,0,0,0,0
109,Mojave NPRES,MOJA,35.1142,-115.5144,PWR,CA,7,0,0,0,0,0,0,7,0,7,0,0,0,0,0,0,0,0,0,0,,0,0,0,0,0,0,0,0,0,0,0,0,0,0,0,0,2018,-115.51435187464,35.1141835552797,787404,0,4741440,0,0,0,709,694,0,0,15
110,Monocacy NB,MONO,39.3577,-77.4025,NCR,MD,0,0,0,0,0,0,0,0,0,0,0,0,0,0,0,0,0,0,0,0,,0,0,0,0,0,0,0,0,0,0,0,0,0,0,0,0,2018,-77.4024694920779,39.3576976563924,84901,0,127351,0,0,0,0,0,0,0,0
111,Morristown NHP,MORR,40.7678,-74.5375,NER,NJ,1,0,0,0,0,2,1,0,0,1,0,0,0,0,1,1,0,0,0,0,0,1,1,0,2,0,0,0,0,0,0,0,0,0,0,0,0,2018,-74.5374937566762,40.7678036656654,279393,0,812097,0,0,0,0,0,0,0,0
112,Mount Rushmore NMEM,MORU,43.8804,-103.4525,MWR,SD,2,0,0,0,1,1,0,0,0,2,0,0,0,0,0,1,0,0,1,0,0,1,1,0,0,0,0,0,0,0,0,0,0,0,0,0,0,2018,-103.452518763191,43.8803692183653,2311273,798744,3043161,266247,0,0,0,0,0,0,0
113,Mount Rainier NP,MORA,46.8606,-121.7044,PWR,WA,38,28,1,4,22,6,0,0,0,36,0,2,1,2,9,8,9,6,2,2,,21,17,1,2092,1926,538,60328,110977,0,19939,0,0,0,0,0,0,2018,-121.704372913091,46.8606044638469,1518491,737168,17718273,737168,22543,0,83645,30623,64294,0,11073
114,Natchez Trace PKWY,NATR,34.1864,-88.7954,SER,MS,12,0,0,0,0,0,12,0,0,12,0,0,1,0,0,0,0,0,0,11,0,6,5,1,12,6,0,575,234,0,0,0,0,0,0,0,0,2018,-88.7954439924304,34.1864130937954,6362439,8972665,25620991,8972665,0,0,5871,9696,0,0,0
115,New Orleans Jazz NHP,JAZZ,29.9629,-90.0675,SER,LA,0,0,0,0,0,0,0,0,0,0,0,0,0,0,0,0,0,0,0,0,0,0,0,0,0,0,0,0,0,0,0,0,0,0,0,0,0,2018,-90.0685370419053,29.9636969662046,54483,0,114856,0,0,0,0,0,0,0,0
116,New River Gorge NP & PRES,NERI,37.8403,-80.9897,NER,WV,22,5,0,9,1,11,1,16,0,14,0,7,0,3,8,8,3,1,1,2,0,19,5,2,187,168,100,6692,11998.35,3228,0,0,0,0,0,0,949.28,2018,-80.989704370304,37.840264680568,1232627,2400,2549126,4800,0,0,4872,999,0,0,0
117,Ninety Six NHS,NISI,34.1427,-82.0164,SER,SC,0,0,0,0,0,0,0,0,0,0,0,0,0,0,0,0,0,0,0,0,,0,0,0,0,0,0,0,0,0,0,0,0,0,0,0,0,2018,-82.0163609709188,34.142735076482,95550,0,119438,0,0,0,0,0,0,0,0
118,Niobrara NSR,NIOB,42.7259,-99.6319,MWR,NE,0,0,0,0,0,0,0,0,0,0,0,0,0,0,0,0,0,0,0,0,0,0,0,0,0,0,0,0,0,0,0,0,0,0,0,0,0,2018,-99.6319415491808,42.7258621320401,61639,0,475748,0,0,0,0,0,0,0,0
119,North Cascades NP,NOCA,48.833,-121.3465,PWR,WA,42,16,2,3,22,13,1,1,4,32,0,0,2,0,7,9,75,3,0,0,,32,5,0,1687,1620,0,32425,60370,0,0,0,0,0,0,0,828,2018,-121.346522012803,48.8330269768131,30085,0,616576,0,0,0,0,0,26703,0,0
120,Obed W&SR,OBRI,36.08458016,-84.72244778,SER,TN,6,1,3,0,0,9,0,9,0,1,0,8,1,3,5,3,2,0,0,0,1,10,4,0,84,36.5,0,3390,1595,0,0,0,0,0,0,0,0,2018,-84.7224478192626,36.0845801498955,217530,10800,936199,900,0,0,9824,0,257,0,0
121,Ocmulgee Mounds NHP,OCMU,32.8397,-83.5968,SER,GA,0,0,0,0,0,0,0,0,0,0,0,0,0,0,0,0,0,0,0,0,0,0,0,0,0,0,0,0,0,0,0,0,0,0,0,0,0,2018,-83.596759863748,32.8397382850278,133008,0,199513,0,0,0,0,0,0,0,0
122,Organ Pipe Cactus NM,ORPI,32.0357,-112.8573,IMR,AZ,16,0,0,13,2,0,1,0,0,16,0,0,0,1,0,1,0,0,0,14,0,3,0,13,39,8,0,1100,350,0,0,0,0,0,0,0,1500,2018,-112.857282677753,32.0357057135703,260375,1184470,775240,592233,0,0,8575,22668,185,0,1354
123,Ozark NSR,OZAR,37.1472,-91.196,MWR,MO,26,4,2,1,5,57,3,32,0,9,0,17,1,6,9,7,1,1,2,8,,22,12,4,170,42,24,6263.15,2247.11,365.5,0,0,0,2753,0,0,1274.24,2018,-91.1960259399015,37.1471623495301,1264657,0,3377977,0,8,0,70728,26740,13263,0,23908
124,Padre Island NS,PAIS,26.7037,-97.3407,IMR,TX,9,0,1,1,0,7,2,7,0,7,2,0,3,1,1,1,0,0,0,3,0,6,3,0,20,0,0,1000,0,0,0,0,0,0,0,0,0,2018,-97.3406807090314,26.7036654021041,616033,1800,4314161,14400,0,0,21415,33138,13601,0,405
125,Pecos NHP,PECO,35.5498,-105.6908,IMR,NM,1,0,0,0,0,1,0,1,0,1,0,0,0,0,0,0,0,0,1,0,0,0,1,0,1,0,0,120,0,0,0,0,0,0,0,0,0,2018,-105.690830924201,35.5497844764445,39129,0,48580,0,0,0,0,0,0,0,0
126,Petersburg NB,PETE,37.228,-77.363,NER,VA,2,0,0,0,0,5,0,5,0,2,0,0,2,2,0,0,0,0,0,1,0,2,3,0,2,0,0,0,0,0,0,0,0,0,0,0,0,2018,-77.3630172814299,37.2279950244135,204322,364012,210302,91002,0,0,0,0,0,0,0
127,Petrified Forest NP,PEFO,34.9886,-109.6747,IMR,AZ,0,0,0,0,0,0,0,0,0,0,0,0,0,0,0,0,0,0,0,0,0,0,0,0,0,0,0,0,0,0,0,0,0,0,0,0,0,2018,-109.674686014084,34.9886430720258,644922,120,1725278,120,0,0,0,0,1166,0,0
128,Petroglyph NM,PETR,35.1343,-106.7522,IMR,NM,2,0,1,0,0,2,1,0,0,2,0,0,1,0,0,1,0,0,1,0,0,2,1,0,5,1,0,180,150,41.52,0,0,0,0,0,0,0,2018,-106.752243073664,35.1342664409658,268613,0,537223,0,0,0,0,0,0,0,0
129,Pinnacles NP,PINN,36.4902,-121.181,PWR,CA,27,0,0,1,10,13,8,19,0,27,0,0,4,2,2,0,1,3,2,16,,11,5,22,35,18,0,1800,700,0,0,0,0,0,0,0,3500,2018,-121.180992419839,36.4902146208268,222152,0,795090,0,0,0,0,0,0,0,0
130,Prince William Forest Park,PRWI,38.5858,-77.3874,NCR,VA,3,1,0,0,0,3,0,0,0,3,0,0,0,2,2,0,0,0,1,0,0,4,2,0,0,9,21,0,420,650,0,0,0,0,0,0,50,2018,-77.3874168720195,38.5858317321219,313629,480,3322372,960,0,30041,23054,1310,270,0,59260
131,Rocky Mountain NP,ROMO,40.3557,-105.6978,IMR,CO,157,44,4,4,94,123,0,8,0,155,0,2,6,19,45,19,17,18,47,13,1,93,78,8,6230,6769,1928,163363.56,264820.57,38430,45803.2,10300,0,0,0,0,23995.23,2018,-105.697768972466,40.3556599608278,4590493,8750,31379912,26250,0,0,117924,71016,46840,0,4030
132,Vanderbilt Mansion NHS,VAMA,41.79660726,-73.94194571,NER,NY,1,0,0,0,0,0,1,0,0,1,0,0,0,0,0,0,0,0,0,1,0,0,0,1,0,4,0,0,185.72,0,0,0,0,0,0,0,0,2018,-73.9419456677695,41.7966072446492,340870,0,430390,0,0,0,0,0,0,0,0
133,Saguaro NP,SAGU,32.1787,-110.6079,IMR,AZ,7,1,1,1,1,3,0,6,0,7,0,0,0,0,0,3,0,0,5,0,,4,4,0,27,51,40,1321.74,2046.88,0,0,0,0,0,0,0,40,2018,-110.60790075716,32.1787072625677,957405,2089346,1015552,522336,0,0,0,0,2058,0,0
134,Saint Croix NSR,SACN,45.9802,-91.5785,MWR,WI,4,2,1,3,1,0,0,0,0,0,0,4,0,1,1,1,0,0,1,0,0,4,0,0,22,49,0,2240.99,1440.18,0,0,0,0,200,0,0,191.06,2018,-91.5784843009361,45.9802152071984,724644,0,6757223,0,0,0,0,0,81316,0,0
135,San Antonio Missions NHP,SAAN,29.3327,-98.4547,IMR,TX,1,0,0,0,0,1,0,0,0,1,0,0,0,0,0,0,0,0,1,0,0,1,0,0,1,0,0,100,0,0,0,0,0,0,0,0,0,2018,-98.454667389318,29.3327305887637,1208104,0,1565782,0,0,0,0,0,0,0,0
136,San Juan NHS,SAJU,18.46884349,-66.1174902,SER,PR,0,0,0,0,0,0,0,0,,,,,,,,,,,,,,,,,,,,,,,,,,,,,,2018,-66.1174901856875,18.4688435155276,910405,0,1766038,0,0,0,0,0,0,0,0
137,Santa Monica Mountains NRA,SAMO,34.0838,-118.7202,PWR,CA,62,0,0,1,15,20,4,0,0,51,0,0,0,4,0,1,0,0,0,59,4,11,8,42,0,0,0,0,0,0,0,0,0,0,0,0,0,2018,-118.720179600377,34.0837708594587,867154,137842,1561551,69461,0,0,0,0,144,0,0
138,Sequoia NP,SEKI,36.5948,-118.5538,PWR,CA,150,76,20,6,139,98,0,48,0,142,0,8,10,13,38,33,15,20,39,0,0,117,55,8,1635,1958,160,38490,50222,0,101599,0,0,0,0,0,3370,2018,-118.575203281451,36.5076838044104,1229594,17480,38429051,69920,74091,0,142945,78543,37881,0,261
139,Shenandoah NP,SHEN,38.2811,-78.6762,NER,VA,46,13,1,1,39,68,0,1,0,47,0,0,1,5,12,4,8,8,8,0,1,21,25,2,506,649,155,12441.92,21549.56,380,13312.5,0,1200,0,0,0,1362.7,2018,-78.6761996267523,38.2810654037826,1264880,10962,10306163,2742,108615,0,110256,52431,39980,0,263
140,Sleeping Bear Dunes NL,SLBE,45.1116,-86.0152,MWR,MI,42,0,2,0,22,47,2,1,8,34,0,0,4,12,17,11,6,4,7,2,0,41,20,2,111,28,136,5223.89,1196.03,5490.5,0,0,0,0,0,242,1918,2018,-86.0152189141937,45.1116054140455,1643600,0,8726587,0,0,0,57659,51939,19612,0,0
141,Stones River NB,STRI,35.8732,-86.4341,SER,TN,0,0,0,0,0,0,0,0,0,0,0,0,0,0,0,0,0,0,0,0,0,0,0,0,0,0,0,0,0,0,0,0,0,0,0,0,0,2018,-86.4340800648128,35.8731875145887,266503,1450,449894,250,0,0,0,0,0,0,0
142,Theodore Roosevelt NP,THRO,46.9536,-103.4592,MWR,ND,15,0,1,0,4,11,0,15,0,15,0,0,1,4,1,1,0,0,0,18,,3,8,24,30,8,0,1500,0,0,0,0,0,0,0,0,0,2018,-103.459222710493,46.9535920449093,749389,6578,2699165,2172,0,0,14707,18235,614,0,2424
143,Timpanogos Cave NM,TICA,40.4404,-111.7094,IMR,UT,1,1,0,0,0,0,1,0,0,1,0,0,0,0,1,0,0,0,0,0,0,0,1,0,40,0,200,1000,0,0,0,0,0,0,0,0,0,2018,-111.709394387127,40.4403970138856,121311,0,258069,0,0,0,0,0,0,0,0
144,Timucuan Ecological & Historic Preserve,TIMU,30.4311,-81.4714,SER,FL,0,0,0,0,0,0,0,0,0,0,0,0,0,0,0,0,0,0,0,0,0,0,0,0,0,0,0,0,0,0,0,0,0,0,0,0,0,2018,-81.4714083344335,30.4310898171718,0,0,0,0,0,0,0,0,0,0,0
145,Upper Delaware S&RR,UPDE,41.517,-75.0097,NER,PA,25,1,2,1,1,52,3,0,0,1,0,24,1,29,6,4,4,3,1,5,,0,0,0,38,16,0,1620,0,0,0,0,0,300,0,0,0,2018,-75.0097148351719,41.5169570126923,220966,2130,921501,532,0,0,0,0,0,0,0
146,Valles Caldera NPRES,VALL,35.9168,-106.5196,IMR,NM,0,0,0,0,0,0,0,0,0,0,0,0,0,0,0,0,0,0,0,0,0,0,0,0,0,0,0,0,0,0,0,0,0,0,0,0,0,2018,-106.519614539204,35.9167788209227,0,0,0,0,0,0,0,0,0,0,0
147,Valley Forge NHP,VAFO,40.1006,-75.4457,NER,PA,0,0,0,0,0,0,0,0,0,0,0,0,0,0,0,0,0,0,0,0,0,0,0,0,0,0,0,0,0,0,0,0,0,0,0,0,0,2018,-75.4457410840715,40.1006116508922,1881362,0,3762724,0,0,0,0,0,0,0,0
148,Voyageurs NP,VOYA,48.4833,-92.8372,MWR,MN,3,0,1,0,0,13,0,0,4,0,0,0,2,2,1,4,4,2,0,0,0,9,4,0,14,4,0,762.22,102.44,0,0,0,0,2141.29,0,0,0,2018,-92.8372062821587,48.483271429638,239656,0,1192456,0,3728,0,0,0,59499,0,25314
149,Whiskeytown NRA,WHIS,40.6136,-122.6023,PWR,CA,8,1,0,0,2,3,3,3,0,5,0,0,2,0,2,0,1,0,0,0,,4,1,0,28,63,26,805.35,871.12,580,0,0,4250,0,0,0,0,2018,-122.602260329641,40.6135801936679,585768,6006,2231698,11341,0,12428,0,1424,3907,0,19031
150,White Sands NP,WHSA,32.7791,-106.335,IMR,NM,13,0,0,1,0,12,0,0,0,13,0,0,1,0,2,8,0,1,0,4,,10,3,5,10,100,100,280,2800,0,0,0,0,0,0,0,200,2018,-106.33503967407,32.7791100044954,603008,0,1514201,0,0,0,0,0,4125,0,0
151,Wind Cave NP,WICA,43.5801,-103.4392,MWR,SD,20,0,1,0,10,13,1,0,0,21,0,0,2,0,0,3,0,0,18,0,0,9,14,1,21,2,0,512.5,100,0,0,0,0,0,0,0,65,2018,-103.439164767503,43.5801135684623,656397,261581,1986661,86322,0,0,4333,4164,437,0,1219
152,Wolf Trap NP for the Performing Arts,WOTR,38.9379,-77.2636,NCR,VA,0,0,0,0,0,0,0,0,0,0,0,0,0,0,0,0,0,0,0,0,,0,0,0,0,0,0,0,0,0,0,0,0,0,0,0,0,2018,-77.2635541063731,38.937931931978,365540,0,1462160,0,0,0,0,0,0,0,0
153,Wright Brothers NMEM,WRBR,36.0162,-75.6702,SER,NC,0,0,0,0,0,0,0,0,0,0,0,0,0,0,0,0,0,0,0,0,,0,0,0,0,0,0,0,0,0,0,0,0,0,0,0,0,2018,-75.6702203717679,36.0162113635009,360669,2190,360669,1095,0,0,0,0,0,0,0
154,Yellowstone NP,YELL,44.5964,-110.5472,IMR,WY,35,20,2,1,25,23,1,22,0,31,0,4,4,9,5,5,5,7,7,7,0,25,29,4,568,921,44,18200,33200,2150,5000,0,2880,0,0,0,6500,2018,-110.54719620352,44.596444535495,4115000,1229439,84567084,751843,632913,616089,88562,74771,41978,0,11815
155,Zion NP,ZION,37.2982,-113.0264,IMR,UT,108,58,0,2,92,66,0,29,0,105,0,13,0,5,38,21,17,14,24,18,0,71,62,6,1865,2410,808,50521.15,89936.99,24923.81,54788.1,0,0,0,0,0,24203.87,2018,-113.026442003454,37.298237003344,4320033,21900,29913878,5475,86592,0,132988,72016,22964,0,23741
156,Bryce Canyon NP,BRCA,37.5839,-112.1827,IMR,UT,48,1,0,0,12,2,0,0,0,12,0,0,0,1,4,1,3,2,3,0,,4,10,0,98,46,4,2669.42,0,0,0,0,0,0,0,0,0,2018,-112.1827,37.5839,2679478,419953,13867092,125987,51690,0,49747,29619,2603,0,1268
157,Denali NP & PRES,DENA,63.3411,-150.7341,AKR,AK,32,21,2,5,22,15,2,5,0,32,0,0,0,0,6,8,2,5,0,0,,22,14,0,0,0,0,75238,82465,6569,310561,0,0,0,0,0,22355,2018,-150.7341,63.3411,594660,784032,6546571,196008,0,27587,0,0,23748,0,0
158,Devils Postpile NM,DEPO,37.6154,-119.0877,PWR,CA,1,0,1,0,1,0,0,0,0,1,0,0,0,0,0,1,0,0,0,0,,1,0,0,16,8,32,500,800,0,0,0,0,0,0,0,0,2018,-119.0877,37.6154000000001,139724,0,489039,0,0,0,0,0,0,0,0
159,Fort Larned NHS,FOLA,42.203,-104.5459,IMR,WY,0,0,0,0,0,0,0,0,0,0,0,0,0,0,0,0,0,0,0,0,,0,0,0,0,0,0,0,0,0,0,0,0,0,0,0,0,2018,-104.5459,42.203,29173,0,58346,0,0,0,0,0,0,0,0
160,Theodore Roosevelt Birthplace NHS,HOFR,41.768,-73.9267,NER,NY,1,0,0,0,0,0,1,0,0,1,0,0,0,0,0,0,0,0,0,1,,0,0,1,0,4,0,0,185.72,0,0,0,0,0,0,0,0,2018,-73.9267,41.768,23155,110,24999,241,0,0,0,0,0,0,0
161,Little River Canyon NPRES,LIRI,34.4519,-85.5972,SER,AL,8,4,0,1,4,12,0,3,0,0,0,8,0,6,5,0,0,1,2,2,,12,5,0,13,34,340,650,2177.5,5100,0,0,3200,0,0,0,1665.24,2018,-85.5972,34.4519000000001,441177,0,1266940,0,0,0,0,0,0,0,0
162,Obed W&SR,OBED,36.0846,-84.7224,SER,TN,6,1,3,0,0,9,0,9,0,1,0,8,1,3,5,3,2,0,0,0,,10,4,0,84,37,0,3390,1595,0,0,0,0,0,0,0,0,2018,-84.7223999999999,36.0846000000001,217530,10800,936199,900,0,0,9824,0,257,0,0
163,Parashant NM,PARA,36.284,-113.6113,PWR,AZ,4,0,6,0,7,2,1,9,0,10,0,0,0,1,2,1,1,4,3,0,,14,4,0,34,0,0,0,0,0,0,0,0,0,0,0,0,2018,-113.6113,36.284,0,0,0,0,0,0,0,0,0,0,0
164,Pictured Rocks NL,PIRO,46.513,-86.4667,MWR,MI,13,0,3,1,3,8,3,0,6,10,0,0,0,0,6,2,0,0,0,4,,5,5,2,27,3,0,775,221,0,0,0,0,1050,0,0,130,2018,-86.4666999999999,46.513,815308,1850,4120417,554,0,0,15234,5576,26923,0,0
165,San Juan NHS,SAJH,48.4621,-123.005,PWR,WA,0,0,0,0,0,0,0,0,0,0,0,0,0,0,0,0,0,0,0,0,,0,0,0,0,0,0,0,0,0,0,0,0,0,0,0,0,2018,-123.005,48.4621000000001,910405,0,1766038,0,0,0,0,0,0,0,0
166,Virgin Islands NP,VIIS,18.3428,-64.7419,SER,VI,11,0,1,3,0,0,0,0,0,10,1,0,0,0,1,0,0,2,4,4,,6,3,2,0,0,0,0,0,0,0,0,0,0,0,0,0,2018,-64.7419,18.3428000000001,112287,199819,690568,49955,0,0,0,0,0,0,0
